path,class,upstream_sha256,audited_sha256,evidence,upstream_notices,preserved_notices
docs/qa/issue-46/README.md,C,,406f42d8b0c0ab45a5323a2012e63c98b6167906b4dc136e3453b686e22727bc,Fork-authored AI-assisted QA evidence notes; no external implementation or prototype source used.,[],[]
docs/qa/issue-46/comparison.png,E,,7d61229bb9ee63cfcca13308380fb694a9e53034dceeb2fd2d4c18b7c07fafdd,Generated from local Chromium synthetic-mail application screenshots using Pillow contact-sheet composition and solid account-header redaction; see docs/qa/issue-46/README.md; rendered dependency elements require human rights review.,[],[]
docs/qa/issue-46/states.png,E,,065a8db286b4f1516c627ecb43b10696e9db6d80a1c1be9a589fc2518447f82b,Generated from local Chromium application screenshots with deliberately mocked list API using Pillow contact-sheet composition and solid account-header redaction; see docs/qa/issue-46/README.md; rendered dependency elements require human rights review.,[],[]
.dev.vars.example,B,b0d9511659d42d2b183653e7f24dd446f2f98f87e1fe39ca5ff8c027b5825645,0a52d799e715b5647ebb88a3cf63372bd50d0fdf7941a0d813b60d786c9bb5c4,Compared with audited upstream/main 48039bb; modified in fork history; fork change notice required.,[],[]
.gitattributes,C,,641b6c37d0e4649b5826eaa019acd480743a5633169fa0fdc40086a231d0b0bc,Fork-created Git attributes set LF checkout for text and keep known binary formats unchanged.,[],[]
.github/workflows/license-check.yml,C,,0a7c6a5a54fc31ed7c4143eea92bfe97b09f9c2a738bad7b4536d77781e88b65,Introduced by fork Git history; inspect origin of copied or AI-assisted content as needed.,[],[]
.gitignore,A,0511eb79dd85d1f592d4a77c8c4a4d365b89086a5b6f22ea723738dbcd8b7b5c,0511eb79dd85d1f592d4a77c8c4a4d365b89086a5b6f22ea723738dbcd8b7b5c,Compared with audited upstream/main 48039bb; identical.,[],[]
AGENTS.md,C,,a875be965d008d733e2f18e59ee2dba2b14ccb44ca946d7692dc3ddca44bc5b6,Introduced by fork Git history; inspect origin of copied or AI-assisted content as needed.,[],[]
LICENSE,A,e0a6e6c7d9f3521dc1a41fa8054c68483fd5e12f082dd48dc2b15e6e51dcd547,e0a6e6c7d9f3521dc1a41fa8054c68483fd5e12f082dd48dc2b15e6e51dcd547,Compared with audited upstream/main 48039bb; identical.,[],[]
README.md,B,f597303201a1429ffe52557e3ab5e95138e1ef77d4015adcf6f236fb654c2ed0,2ea50ca2ec6875890da0d03c8943b0426b4c5d872644d5840c3a710c67af650f,Compared with audited upstream/main 48039bb; modified in fork history; fork change notice required.,[],[]
app/components/AgentPanel.tsx,A,ff80fe5821d6f7295f0083cc99246f24ef92309edba5e9e2e4fc4479b9a22b16,ff80fe5821d6f7295f0083cc99246f24ef92309edba5e9e2e4fc4479b9a22b16,Compared with audited upstream/main 48039bb; identical.,"[""// Copyright (c) 2026 Cloudflare, Inc."",""// Licensed under the Apache 2.0 license found in the LICENSE file or at:"",""//     https://opensource.org/licenses/Apache-2.0""]",[]
app/components/AgentSidebar.tsx,A,1eae4c5c86fd691736862c1f3d110e6dd77c66f29e494e06a3524251add98a35,1eae4c5c86fd691736862c1f3d110e6dd77c66f29e494e06a3524251add98a35,Compared with audited upstream/main 48039bb; identical.,"[""// Copyright (c) 2026 Cloudflare, Inc."",""// Licensed under the Apache 2.0 license found in the LICENSE file or at:"",""//     https://opensource.org/licenses/Apache-2.0""]",[]
app/components/ComposeEmail.tsx,A,ebf812fabb04a8378072130aa93c3f2a355e7fe398183fdf6e74a42e20accead,ebf812fabb04a8378072130aa93c3f2a355e7fe398183fdf6e74a42e20accead,Compared with audited upstream/main 48039bb; identical.,"[""// Copyright (c) 2026 Cloudflare, Inc."",""// Licensed under the Apache 2.0 license found in the LICENSE file or at:"",""//     https://opensource.org/licenses/Apache-2.0""]",[]
app/components/ComposePanel.tsx,B,ec36b99fbe7d1cf3dbe417440f3e81f02803d1cd6fdc903fbbaa7660cec8faf7,5f06f37959413f2f559d022cbbc0aad164997410de24c3b97ace750d4597ed00,Compared with audited upstream/main 48039bb; modified in fork history; fork change notice required.,"[""// Copyright (c) 2026 Cloudflare, Inc."",""// Licensed under the Apache 2.0 license found in the LICENSE file or at:"",""//     https://opensource.org/licenses/Apache-2.0""]","[""// Copyright (c) 2026 Cloudflare, Inc."",""// Licensed under the Apache 2.0 license found in the LICENSE file or at:"",""//     https://opensource.org/licenses/Apache-2.0""]"
app/components/EmailAttachmentList.tsx,A,a9dc3b3157dfc2ce2e199941249e9b8e17d4ba8d1779ca68ada8b3ad5d75949a,a9dc3b3157dfc2ce2e199941249e9b8e17d4ba8d1779ca68ada8b3ad5d75949a,Compared with audited upstream/main 48039bb; identical.,"[""// Copyright (c) 2026 Cloudflare, Inc."",""// Licensed under the Apache 2.0 license found in the LICENSE file or at:"",""//     https://opensource.org/licenses/Apache-2.0""]",[]
app/components/EmailListRow.tsx,C,,df30c7bb772d8f187129e5647fb31f4f458368668d4bcf16de86c2f947972871,"Fork-created path with no upstream counterpart; its desktop row markup is adapted from app/routes/email-list.tsx (class B; audited upstream/main 48039bb; that path's upstream bytes sha256 21df4f2cf6150d29c3d5f0fb66ba32887c9484d16a1f52f5bbd8edf0e0f3bac5), so the upstream-derived material keeps the Cloudflare notices and carries the fork change notice pinned by preserved_notices.",[],"[""// Modified in the sygtt/agentic-inbox fork; see Git history."",""// Copyright (c) 2026 Cloudflare, Inc."",""// Licensed under the Apache 2.0 license found in the LICENSE file or at:"",""//     https://opensource.org/licenses/Apache-2.0""]"
app/components/EmailIframe.tsx,B,e97f5fa4272e609a812af91d39bf0b57797c6bc37cf4f476dd72409a1b88df35,dae90fe7d5a660c2740bd171892da7624762b2b91af08ddb2dffbd38f4d0b3a3,Compared with audited upstream/main 48039bb; modified in fork history; fork change notice required.,"[""// Copyright (c) 2026 Cloudflare, Inc."",""// Licensed under the Apache 2.0 license found in the LICENSE file or at:"",""//     https://opensource.org/licenses/Apache-2.0""]","[""// Copyright (c) 2026 Cloudflare, Inc."",""// Licensed under the Apache 2.0 license found in the LICENSE file or at:"",""//     https://opensource.org/licenses/Apache-2.0""]"
app/components/EmailPanel.tsx,B,757218d8fd0e32b433b41609e89b85365283db9cba7c30527fe8d2f557357799,5142d32599dc41241b4ca7f83e5d362ac424748879d1e3a77e7f57f2f6543939,Compared with audited upstream/main 48039bb; modified in fork history; fork change notice required.,"[""// Copyright (c) 2026 Cloudflare, Inc."",""// Licensed under the Apache 2.0 license found in the LICENSE file or at:"",""//     https://opensource.org/licenses/Apache-2.0""]","[""// Copyright (c) 2026 Cloudflare, Inc."",""// Licensed under the Apache 2.0 license found in the LICENSE file or at:"",""//     https://opensource.org/licenses/Apache-2.0""]"
app/components/EmailTagFilter.tsx,C,,d40c7a0d0c0801f5c751d24adc26977e2e4e766d1dde02871635feeae7cb7d6b,Introduced by fork Git history; inspect origin of copied or AI-assisted content as needed.,[],[]
app/components/Header.tsx,B,4d9cc81cbab9c1a2f30f82dac4addcb7c00beffc4e7dd0eea8bbc2ce6b53cc52,cbbb2ecc4d22d8926de39108521720e3b8e0ce39d020f9afe3ae9f71c89b4a8a,Compared with audited upstream/main 48039bb; modified in fork history; fork change notice required.,"[""// Copyright (c) 2026 Cloudflare, Inc."",""// Licensed under the Apache 2.0 license found in the LICENSE file or at:"",""//     https://opensource.org/licenses/Apache-2.0""]","[""// Copyright (c) 2026 Cloudflare, Inc."",""// Licensed under the Apache 2.0 license found in the LICENSE file or at:"",""//     https://opensource.org/licenses/Apache-2.0""]"
app/components/MCPPanel.tsx,B,5a2209aa2dacfce65f6b1cd2b1f55d3c894d71e39fe2605f5df5169e939d37f8,b22a74d2ce55dfc954a22480ace98d6211fb81b1714d6548f332ee5279c146ae,Compared with audited upstream/main 48039bb; modified in fork history; fork change notice required.,"[""// Copyright (c) 2026 Cloudflare, Inc."",""// Licensed under the Apache 2.0 license found in the LICENSE file or at:"",""//     https://opensource.org/licenses/Apache-2.0""]","[""// Copyright (c) 2026 Cloudflare, Inc."",""// Licensed under the Apache 2.0 license found in the LICENSE file or at:"",""//     https://opensource.org/licenses/Apache-2.0""]"
app/components/MailboxSplitView.tsx,B,55ea06ffbcd34a26116b1b0acb357fd4d422cb4b41a5d89a02a563da7eb2b295,e73bdcc10cdca23195099d142cceeed3b6ec00ddc1081e67ecba730d60cb595a,Compared with audited upstream/main 48039bb; modified in fork history; fork change notice required.,"[""// Copyright (c) 2026 Cloudflare, Inc."",""// Licensed under the Apache 2.0 license found in the LICENSE file or at:"",""//     https://opensource.org/licenses/Apache-2.0""]","[""// Copyright (c) 2026 Cloudflare, Inc."",""// Licensed under the Apache 2.0 license found in the LICENSE file or at:"",""//     https://opensource.org/licenses/Apache-2.0""]"
app/components/RichTextEditor.tsx,B,c6a79f11e59d13053c9fc3cba7359791df510e671c2e5ba14df8f173a3b869db,255005d6a4caac4f0e61c86bfd56ad5f705279a9f4afb704bd551a9b3b001bab,Compared with audited upstream/main 48039bb; modified in fork history; fork change notice required.,"[""// Copyright (c) 2026 Cloudflare, Inc."",""// Licensed under the Apache 2.0 license found in the LICENSE file or at:"",""//     https://opensource.org/licenses/Apache-2.0""]","[""// Copyright (c) 2026 Cloudflare, Inc."",""// Licensed under the Apache 2.0 license found in the LICENSE file or at:"",""//     https://opensource.org/licenses/Apache-2.0""]"
app/components/Sidebar.tsx,B,53cd2e8d8731877efe7e588963e9546866eca93ba7fd27c5ea11ef9945b16a49,d44eb5de17412a6a40e3e08927f7007dbdb77829f44d72b34a8e91459bdb1d87,Compared with audited upstream/main 48039bb; modified in fork history; fork change notice required.,"[""// Copyright (c) 2026 Cloudflare, Inc."",""// Licensed under the Apache 2.0 license found in the LICENSE file or at:"",""//     https://opensource.org/licenses/Apache-2.0""]","[""// Copyright (c) 2026 Cloudflare, Inc."",""// Licensed under the Apache 2.0 license found in the LICENSE file or at:"",""//     https://opensource.org/licenses/Apache-2.0""]"
app/components/VerificationCodeAction.tsx,C,,89118249ba6cad9ddd8e66c59390602235809130a9d43d8a7f502e0b60bd24da,Introduced by fork Git history; inspect origin of copied or AI-assisted content as needed.,[],"[""// Copyright (c) 2026 Cloudflare, Inc."",""// Licensed under the Apache 2.0 license found in the LICENSE file or at:"",""//     https://opensource.org/licenses/Apache-2.0""]"
app/components/email-panel/EmailPanelDialogs.tsx,A,2c2a280acb1a13801d645a1261862720eca1000702c108aee3ea131915bb8d43,2c2a280acb1a13801d645a1261862720eca1000702c108aee3ea131915bb8d43,Compared with audited upstream/main 48039bb; identical.,"[""// Copyright (c) 2026 Cloudflare, Inc."",""// Licensed under the Apache 2.0 license found in the LICENSE file or at:"",""//     https://opensource.org/licenses/Apache-2.0""]",[]
app/components/email-panel/EmailPanelHeader.tsx,B,e21d0f073233a269e7f1c9045193f316651ce3b4ee2579f437f107024dba961a,c6f8bc42b14f8c569bdf1b49b5a022070b7b990adbd965e8d24522720b5e87ae,Compared with audited upstream/main 48039bb; modified in fork history; fork change notice required.,"[""// Copyright (c) 2026 Cloudflare, Inc."",""// Licensed under the Apache 2.0 license found in the LICENSE file or at:"",""//     https://opensource.org/licenses/Apache-2.0""]","[""// Copyright (c) 2026 Cloudflare, Inc."",""// Licensed under the Apache 2.0 license found in the LICENSE file or at:"",""//     https://opensource.org/licenses/Apache-2.0""]"
app/components/email-panel/EmailPanelToolbar.tsx,B,316a012f6e26fe4d27d7e0bc577c5b83d5f5cdb4e522f9074571555c33a972f2,b9c344164e95cc4956a4574d3b65a2ce8aafbe119488f71cecd9fc8b445d3275,Compared with audited upstream/main 48039bb; modified in fork history; fork change notice required.,"[""// Copyright (c) 2026 Cloudflare, Inc."",""// Licensed under the Apache 2.0 license found in the LICENSE file or at:"",""//     https://opensource.org/licenses/Apache-2.0""]","[""// Copyright (c) 2026 Cloudflare, Inc."",""// Licensed under the Apache 2.0 license found in the LICENSE file or at:"",""//     https://opensource.org/licenses/Apache-2.0""]"
app/components/email-panel/SingleMessageView.tsx,B,2d0103fc6ab939c92ae6d955419a50ab8a05ab7afccce31a9138937849aef563,b9eed2a1d78fc855d16f7a7a877f2156dba8b2a0f8564dd136577cee5b327f8d,Compared with audited upstream/main 48039bb; modified in fork history; fork change notice required.,"[""// Copyright (c) 2026 Cloudflare, Inc."",""// Licensed under the Apache 2.0 license found in the LICENSE file or at:"",""//     https://opensource.org/licenses/Apache-2.0""]","[""// Copyright (c) 2026 Cloudflare, Inc."",""// Licensed under the Apache 2.0 license found in the LICENSE file or at:"",""//     https://opensource.org/licenses/Apache-2.0""]"
app/components/email-panel/ThreadMessage.tsx,B,ac8f4299a8b9764a27bbc1e9d9a6577a1b0af0ced58ec81d0298da92a1776c01,80e84e7c203cce87a1ee89842521e9067ed7edb761be7d3097266147a5222f55,Compared with audited upstream/main 48039bb; modified in fork history; fork change notice required.,"[""// Copyright (c) 2026 Cloudflare, Inc."",""// Licensed under the Apache 2.0 license found in the LICENSE file or at:"",""//     https://opensource.org/licenses/Apache-2.0""]","[""// Copyright (c) 2026 Cloudflare, Inc."",""// Licensed under the Apache 2.0 license found in the LICENSE file or at:"",""//     https://opensource.org/licenses/Apache-2.0""]"
app/components/mobile/MobileBottomNav.tsx,C,,91defa9d2d78c0ed9d6d0a81114ced6e5828865a390d8949af4bf87537c9763c,Introduced by fork Git history; inspect origin of copied or AI-assisted content as needed.,[],"[""// Copyright (c) 2026 Cloudflare, Inc."",""// Licensed under the Apache 2.0 license found in the LICENSE file or at:"",""//     https://opensource.org/licenses/Apache-2.0""]"
app/components/mobile/MobileBottomSheet.tsx,C,,306a80e9b1d8b9e35048f29342ef040c3f3962d7b44a1d38dbaf3b4c0a99c739,Introduced by fork Git history; inspect origin of copied or AI-assisted content as needed.,[],"[""// Copyright (c) 2026 Cloudflare, Inc."",""// Licensed under the Apache 2.0 license found in the LICENSE file or at:"",""//     https://opensource.org/licenses/Apache-2.0""]"
app/components/mobile/MobileEmailDetail.tsx,C,,5df4c0b87d706c051427e5a0dcd01000017e1a8a01c1017fd9fb3286c1ca44d0,Introduced by fork Git history; inspect origin of copied or AI-assisted content as needed.,[],"[""// Copyright (c) 2026 Cloudflare, Inc."",""// Licensed under the Apache 2.0 license found in the LICENSE file or at:"",""//     https://opensource.org/licenses/Apache-2.0""]"
app/components/mobile/MobileEmailRow.tsx,C,,00c75f7fd34e27ea70599bf0573c277903c34263d8c5756dc66ec5feaa15ca9c,Introduced by fork Git history; inspect origin of copied or AI-assisted content as needed.,[],"[""// Copyright (c) 2026 Cloudflare, Inc."",""// Licensed under the Apache 2.0 license found in the LICENSE file or at:"",""//     https://opensource.org/licenses/Apache-2.0""]"
app/components/mobile/MobileQuickActions.tsx,C,,2f3cab229d854e9321b6c93473a178a42f805500192bf2b130a96622485d35c1,Introduced by fork Git history; inspect origin of copied or AI-assisted content as needed.,[],"[""// Copyright (c) 2026 Cloudflare, Inc."",""// Licensed under the Apache 2.0 license found in the LICENSE file or at:"",""//     https://opensource.org/licenses/Apache-2.0""]"
app/components/mobile/MobileTagSheet.tsx,C,,d65dd75f24508f716c51060e69f3e9415f0ceb4c82dcfb08702fc30ef7bfc31e,Introduced by fork Git history; inspect origin of copied or AI-assisted content as needed.,[],"[""// Copyright (c) 2026 Cloudflare, Inc."",""// Licensed under the Apache 2.0 license found in the LICENSE file or at:"",""//     https://opensource.org/licenses/Apache-2.0""]"
app/components/triage/TriageAnalysisDetails.tsx,C,,2b276ed0cdcf34575066c864db942b85edb5f99ccd7116fddc57fd6668dd1d68,Introduced by fork Git history; inspect origin of copied or AI-assisted content as needed.,[],[]
app/components/triage/TriageErrorBadge.tsx,C,,207fd5b59b857058e1f16839448d2cfde42967b1a54e696fd030825c5dc1c5fa,Introduced by fork Git history; inspect origin of copied or AI-assisted content as needed.,[],[]
app/entry.server.tsx,A,65789f7e520a56969f4ea1f0219bc476b205d5dbb9d92f9e54895e98e375a612,65789f7e520a56969f4ea1f0219bc476b205d5dbb9d92f9e54895e98e375a612,Compared with audited upstream/main 48039bb; identical.,"[""// Copyright (c) 2026 Cloudflare, Inc."",""// Licensed under the Apache 2.0 license found in the LICENSE file or at:"",""//     https://opensource.org/licenses/Apache-2.0""]",[]
app/hooks/useComposeForm.ts,B,262912f5213a1a4764efbaa2e09d8d0d1fa36607680175448c588be09e73e04c,9804b62bb0686e11ed4a66959ea5caf26853e0cfb851fe2b96c8198c095fad93,Compared with audited upstream/main 48039bb; modified in fork history; fork change notice required.,"[""// Copyright (c) 2026 Cloudflare, Inc."",""// Licensed under the Apache 2.0 license found in the LICENSE file or at:"",""//     https://opensource.org/licenses/Apache-2.0""]","[""// Copyright (c) 2026 Cloudflare, Inc."",""// Licensed under the Apache 2.0 license found in the LICENSE file or at:"",""//     https://opensource.org/licenses/Apache-2.0""]"
app/hooks/useUIStore.ts,B,08ac16f4beb703c27e8782d395d3ea90990874f0613b1af0e65ed74e1b888089,a9ce9cc4b8f6cf6efff05a0c4aecfde2fb2835fd03c4f019505c462f05c3e4d6,Compared with audited upstream/main 48039bb; modified in fork history; fork change notice required.,"[""// Copyright (c) 2026 Cloudflare, Inc."",""// Licensed under the Apache 2.0 license found in the LICENSE file or at:"",""//     https://opensource.org/licenses/Apache-2.0""]","[""// Copyright (c) 2026 Cloudflare, Inc."",""// Licensed under the Apache 2.0 license found in the LICENSE file or at:"",""//     https://opensource.org/licenses/Apache-2.0""]"
app/index.css,B,fc30e67ecbd7c1544883590eb7085144da279495ef27224532b1ad9f82594351,7386fcf1d098f420aa6a4cf78bcda8aa3445cf88fdb7b0c4259c406cefa7846f,Compared with audited upstream/main 48039bb; modified in fork history; fork change notice required.,[],[]
app/lib/email-body.ts,C,,362f621af3f8ca53cbe24769eb02224b6c49c946b75e9694842551e3dae5b065,Introduced by fork Git history; inspect origin of copied or AI-assisted content as needed.,[],"[""// Copyright (c) 2026 Cloudflare, Inc."",""// Licensed under the Apache 2.0 license found in the LICENSE file or at:"",""//     https://opensource.org/licenses/Apache-2.0""]"
app/lib/email-panel-navigation.ts,C,,4bc1299f51ed460f5d86b3cb2e7c2ab2ace9bf0f67b6d89c9cbb89fd6340a52e,Introduced by fork Git history; inspect origin of copied or AI-assisted content as needed.,[],[]
app/lib/email-tag-filter.ts,C,,60330e9edeb9a4f832e84f1ca94ef15f55dac2a4dedebd65d678dab7100dd53a,Introduced by fork Git history; inspect origin of copied or AI-assisted content as needed.,[],[]
app/lib/mobile-email-navigation.ts,C,,c6335138ae5cec31b757e09eccf9556d7c37a23d1dcd7817b80816e6a417eb67,Introduced by fork Git history; inspect origin of copied or AI-assisted content as needed.,[],[]
app/lib/mobile-email-tags.ts,C,,c7ef293db569c94fab2ed67e4c2f21cf26922cccc718100735208ac06bf0ef2c,Introduced by fork Git history; inspect origin of copied or AI-assisted content as needed.,[],[]
app/lib/mobile-gestures.ts,C,,49704ceec11c265562373ae3830b016843acb7b438a3a5f6a5010689958f1d35,Introduced by fork Git history; inspect origin of copied or AI-assisted content as needed.,[],"[""// Copyright (c) 2026 Cloudflare, Inc."",""// Licensed under the Apache 2.0 license found in the LICENSE file or at:"",""//     https://opensource.org/licenses/Apache-2.0""]"
app/lib/search-parser.ts,B,1cc3b1cb58391a5fc6fe61df9e6c9fa69bf7422f87c6f93e2d817b25eee4fb45,8ca70ce150be0179f1d5fe93dcbbed901f3ee09af6b08d35a0ae6d9f295b0757,Compared with audited upstream/main 48039bb; modified in fork history; fork change notice required.,"[""// Copyright (c) 2026 Cloudflare, Inc."",""// Licensed under the Apache 2.0 license found in the LICENSE file or at:"",""//     https://opensource.org/licenses/Apache-2.0""]","[""// Copyright (c) 2026 Cloudflare, Inc."",""// Licensed under the Apache 2.0 license found in the LICENSE file or at:"",""//     https://opensource.org/licenses/Apache-2.0""]"
app/lib/trash-undo.ts,C,,6e037679ae56b7efe6f5f327ea16f26c2396ae5b0509cb9dacc8fc1c51ac0be6,Introduced by fork Git history; inspect origin of copied or AI-assisted content as needed.,[],[]
app/lib/triage-presentation.ts,C,,34538db42c14dda2fbe119cb381203df1301f5ab6e72c09ef05d477892b345b3,Introduced by fork Git history; inspect origin of copied or AI-assisted content as needed.,[],[]
app/lib/triage-refresh.ts,C,,c5cc7e1015a94906207bbcabcb65fb9b3832f59a33e54b6df01f55a6f77cb9df,Introduced by fork Git history; inspect origin of copied or AI-assisted content as needed.,[],[]
app/lib/utils.ts,A,5bff6f569e7e5213117861b9e42bafaab710700f9364b415780470050648cb84,5bff6f569e7e5213117861b9e42bafaab710700f9364b415780470050648cb84,Compared with audited upstream/main 48039bb; identical.,"[""// Copyright (c) 2026 Cloudflare, Inc."",""// Licensed under the Apache 2.0 license found in the LICENSE file or at:"",""//     https://opensource.org/licenses/Apache-2.0""]",[]
app/lib/verification-code.ts,C,,68e002546d2f2156722706d904c4684650c1bb880ee1b5e123e7165ef7e47364,Introduced by fork Git history; inspect origin of copied or AI-assisted content as needed.,[],"[""// Copyright (c) 2026 Cloudflare, Inc."",""// Licensed under the Apache 2.0 license found in the LICENSE file or at:"",""//     https://opensource.org/licenses/Apache-2.0""]"
app/queries/email-tags.ts,C,,549d7d910640baff452ccd1d365dd9154eb38789f892ba9e9622a5848837dda1,Introduced by fork Git history; inspect origin of copied or AI-assisted content as needed.,[],[]
app/queries/email-triage.ts,C,,5753d48606ec6e7c588da6f84438bd85a228fd538a80e90eacae3ae37f0d9d66,Introduced by fork Git history; inspect origin of copied or AI-assisted content as needed.,[],"[""// Copyright (c) 2026 Cloudflare, Inc."",""// Licensed under the Apache 2.0 license found in the LICENSE file or at:"",""//     https://opensource.org/licenses/Apache-2.0""]"
app/queries/emails.ts,B,ec83c285f393574e56130265634fae08d17c165542b50fdfdcaf3bcd5f624247,beca4663a9f5e3881d107238a9bab6782c5fb2a8acd8326a74c99dadf16ba302,Compared with audited upstream/main 48039bb; modified in fork history; fork change notice required.,"[""// Copyright (c) 2026 Cloudflare, Inc."",""// Licensed under the Apache 2.0 license found in the LICENSE file or at:"",""//     https://opensource.org/licenses/Apache-2.0""]","[""// Copyright (c) 2026 Cloudflare, Inc."",""// Licensed under the Apache 2.0 license found in the LICENSE file or at:"",""//     https://opensource.org/licenses/Apache-2.0""]"
app/queries/folders.ts,A,3d443e3690147f50269db4c4dc05a01e119f1bc0f6430f982408d448f810ea30,3d443e3690147f50269db4c4dc05a01e119f1bc0f6430f982408d448f810ea30,Compared with audited upstream/main 48039bb; identical.,"[""// Copyright (c) 2026 Cloudflare, Inc."",""// Licensed under the Apache 2.0 license found in the LICENSE file or at:"",""//     https://opensource.org/licenses/Apache-2.0""]",[]
app/queries/keys.ts,B,9f9a764afa48cf03a255129615bc3f8095a1de3a7876a6a46f6ffc4e9e7df575,ec8c33dfd2d136ba618b7d9b4a259cb9631f5cae968338bd79ac2495533732f3,Compared with audited upstream/main 48039bb; modified in fork history; fork change notice required.,"[""// Copyright (c) 2026 Cloudflare, Inc."",""// Licensed under the Apache 2.0 license found in the LICENSE file or at:"",""//     https://opensource.org/licenses/Apache-2.0""]","[""// Copyright (c) 2026 Cloudflare, Inc."",""// Licensed under the Apache 2.0 license found in the LICENSE file or at:"",""//     https://opensource.org/licenses/Apache-2.0""]"
app/queries/mailboxes.ts,A,494fdf53f3fd9730415d675cc97111fc53e52cda130ab0351f2648315820bc3f,494fdf53f3fd9730415d675cc97111fc53e52cda130ab0351f2648315820bc3f,Compared with audited upstream/main 48039bb; identical.,"[""// Copyright (c) 2026 Cloudflare, Inc."",""// Licensed under the Apache 2.0 license found in the LICENSE file or at:"",""//     https://opensource.org/licenses/Apache-2.0""]",[]
app/queries/search.ts,B,728331748f6e21c88606ba5c5e624e4c790b282313f7809e24cb0dc8374755f5,6d40669a8f3bce677752a2da438d5272b6acda1d817492acee69cda6d9011c3f,Compared with audited upstream/main 48039bb; modified in fork history; fork change notice required.,"[""// Copyright (c) 2026 Cloudflare, Inc."",""// Licensed under the Apache 2.0 license found in the LICENSE file or at:"",""//     https://opensource.org/licenses/Apache-2.0""]","[""// Copyright (c) 2026 Cloudflare, Inc."",""// Licensed under the Apache 2.0 license found in the LICENSE file or at:"",""//     https://opensource.org/licenses/Apache-2.0""]"
app/root.tsx,B,c8246294e2318fb4b6cace9c017e1d174157e432204c4912f4955cde1ecf300f,7076c178541e0a11b2648d312ed4d4d601a9e93f04b68b3b1799e168bdda01fc,Compared with audited upstream/main 48039bb; modified in fork history; fork change notice required.,"[""// Copyright (c) 2026 Cloudflare, Inc."",""// Licensed under the Apache 2.0 license found in the LICENSE file or at:"",""//     https://opensource.org/licenses/Apache-2.0""]","[""// Copyright (c) 2026 Cloudflare, Inc."",""// Licensed under the Apache 2.0 license found in the LICENSE file or at:"",""//     https://opensource.org/licenses/Apache-2.0""]"
app/routes.ts,B,05d27a06cb0c400e5e487cf04d3f12c4181bd4ad62ce8cbbe7235bbba65a6cf8,f57a78e746ffbfc11560cec0b0edf8b72d4a04d101596dc5a846415cdeae00a8,Compared with audited upstream/main 48039bb; modified in fork history; fork change notice required.,"[""// Copyright (c) 2026 Cloudflare, Inc."",""// Licensed under the Apache 2.0 license found in the LICENSE file or at:"",""//     https://opensource.org/licenses/Apache-2.0""]","[""// Copyright (c) 2026 Cloudflare, Inc."",""// Licensed under the Apache 2.0 license found in the LICENSE file or at:"",""//     https://opensource.org/licenses/Apache-2.0""]"
app/routes/email-list.tsx,B,21df4f2cf6150d29c3d5f0fb66ba32887c9484d16a1f52f5bbd8edf0e0f3bac5,8b52e51d08b960c5665c3b6c6e0186c3f60c749c97aa89f293694daf6b8e49c2,Compared with audited upstream/main 48039bb; modified in fork history; fork change notice required.,"[""// Copyright (c) 2026 Cloudflare, Inc."",""// Licensed under the Apache 2.0 license found in the LICENSE file or at:"",""//     https://opensource.org/licenses/Apache-2.0""]","[""// Copyright (c) 2026 Cloudflare, Inc."",""// Licensed under the Apache 2.0 license found in the LICENSE file or at:"",""//     https://opensource.org/licenses/Apache-2.0""]"
app/routes/folders.tsx,C,,9c3c92dbffcc5a305b54af40f068c98d1dae8b0e9294219517f221641e440a5b,Introduced by fork Git history; inspect origin of copied or AI-assisted content as needed.,[],"[""// Copyright (c) 2026 Cloudflare, Inc."",""// Licensed under the Apache 2.0 license found in the LICENSE file or at:"",""//     https://opensource.org/licenses/Apache-2.0""]"
app/routes/home.tsx,B,056c168281d6d0b6e95e29a0c265b636685d02e7f95a546ef34ff45b4b735675,51fd03688f2a73df6c854208e928bd956c43c1a7642a3fea96f604420b3f1465,Compared with audited upstream/main 48039bb; modified in fork history; fork change notice required.,"[""// Copyright (c) 2026 Cloudflare, Inc."",""// Licensed under the Apache 2.0 license found in the LICENSE file or at:"",""//     https://opensource.org/licenses/Apache-2.0""]","[""// Copyright (c) 2026 Cloudflare, Inc."",""// Licensed under the Apache 2.0 license found in the LICENSE file or at:"",""//     https://opensource.org/licenses/Apache-2.0""]"
app/routes/mailbox-index.tsx,A,5b176c366e566efed1bf9f0d5d55a9afba9322e61dc0c947f7a351cb5ab1cdc0,5b176c366e566efed1bf9f0d5d55a9afba9322e61dc0c947f7a351cb5ab1cdc0,Compared with audited upstream/main 48039bb; identical.,"[""// Copyright (c) 2026 Cloudflare, Inc."",""// Licensed under the Apache 2.0 license found in the LICENSE file or at:"",""//     https://opensource.org/licenses/Apache-2.0""]",[]
app/routes/mailbox.tsx,B,e41d822cae56be9fd669e59e6a3727e203d8042ba1b5724eade026fb8f094878,34d01a29052a932bdcafbece51ae54d856124120907fb0dcbdfb0abcd48c990f,Compared with audited upstream/main 48039bb; modified in fork history; fork change notice required.,"[""// Copyright (c) 2026 Cloudflare, Inc."",""// Licensed under the Apache 2.0 license found in the LICENSE file or at:"",""//     https://opensource.org/licenses/Apache-2.0""]","[""// Copyright (c) 2026 Cloudflare, Inc."",""// Licensed under the Apache 2.0 license found in the LICENSE file or at:"",""//     https://opensource.org/licenses/Apache-2.0""]"
app/routes/not-found.tsx,A,e535f95dcd4eea46789b21742c9e0952bd93887a415ab9a14d7958979ad97fb3,e535f95dcd4eea46789b21742c9e0952bd93887a415ab9a14d7958979ad97fb3,Compared with audited upstream/main 48039bb; identical.,"[""// Copyright (c) 2026 Cloudflare, Inc."",""// Licensed under the Apache 2.0 license found in the LICENSE file or at:"",""//     https://opensource.org/licenses/Apache-2.0""]",[]
app/routes/search-results.tsx,B,43a6c0494a7b8fda42ab9698093c719e8d6a167dfd321adce8513811fd664863,ed22556941989d536c785c2b3088434d7868c4a8fc5f7d383dfc008db4b801d9,Compared with audited upstream/main 48039bb; modified in fork history; fork change notice required.,"[""// Copyright (c) 2026 Cloudflare, Inc."",""// Licensed under the Apache 2.0 license found in the LICENSE file or at:"",""//     https://opensource.org/licenses/Apache-2.0""]","[""// Copyright (c) 2026 Cloudflare, Inc."",""// Licensed under the Apache 2.0 license found in the LICENSE file or at:"",""//     https://opensource.org/licenses/Apache-2.0""]"
app/routes/settings.tsx,B,bfb2c2fe4d916ca00552e155c24c08d56a7906b73200a3e01c971b676e780243,bee604f8a6f59ea2705c5802e0b0a151a6342f22be44bdc4739ce1299ddb8d61,Compared with audited upstream/main 48039bb; modified in fork history; fork change notice required.,"[""// Copyright (c) 2026 Cloudflare, Inc."",""// Licensed under the Apache 2.0 license found in the LICENSE file or at:"",""//     https://opensource.org/licenses/Apache-2.0""]","[""// Copyright (c) 2026 Cloudflare, Inc."",""// Licensed under the Apache 2.0 license found in the LICENSE file or at:"",""//     https://opensource.org/licenses/Apache-2.0""]"
app/services/api.ts,B,2700e65a8801d5437ee392ed79ada87837fe6fb795bbfc09d7804ec4cd5d2d11,8218547de50a113c7824e3f9a0ca1cb1cddf27fc77a1d8d6ad2ed374d704f8b5,Compared with audited upstream/main 48039bb; modified in fork history; fork change notice required.,"[""// Copyright (c) 2026 Cloudflare, Inc."",""// Licensed under the Apache 2.0 license found in the LICENSE file or at:"",""//     https://opensource.org/licenses/Apache-2.0""]","[""// Copyright (c) 2026 Cloudflare, Inc."",""// Licensed under the Apache 2.0 license found in the LICENSE file or at:"",""//     https://opensource.org/licenses/Apache-2.0""]"
app/types/index.ts,B,0da3c9a1b27860522f23e8010aaa672e174d53dec46fa8aea05d5cbb83389c33,7bfa94e2d9b52421c67eee1592a4b9e0c65c790a0fdcf29370f3fb92bc76a267,Compared with audited upstream/main 48039bb; modified in fork history; fork change notice required.,"[""// Copyright (c) 2026 Cloudflare, Inc."",""// Licensed under the Apache 2.0 license found in the LICENSE file or at:"",""//     https://opensource.org/licenses/Apache-2.0""]","[""// Copyright (c) 2026 Cloudflare, Inc."",""// Licensed under the Apache 2.0 license found in the LICENSE file or at:"",""//     https://opensource.org/licenses/Apache-2.0""]"
demo_app.png,A,aedc719fea790a951f87401a7d0a54f54264a8e7aee1af7aa9469bff876e980e,aedc719fea790a951f87401a7d0a54f54264a8e7aee1af7aa9469bff876e980e,Compared with audited upstream/main 48039bb; identical.,[],[]
docs/ARCHITECTURE.md,C,,07d5ece7013162203846e94da3447bc15c9708b7053fb58bc9ffa2c7928680a6,Introduced by fork Git history; inspect origin of copied or AI-assisted content as needed.,[],[]
docs/CUSTOMIZATIONS.md,C,,7360eac8ba05cc79d379b9387489747dd7fbf76bc5b61b2b648048f672e2ed9f,Introduced by fork Git history; inspect origin of copied or AI-assisted content as needed.,[],[]
docs/DEVELOPMENT.md,C,,433fa9d557a855cd00ac31e59c3e2bcea1da30faeff539713ebb1a45f21fe58c,Introduced by fork Git history; inspect origin of copied or AI-assisted content as needed.,[],[]
docs/LICENSING-PROVENANCE.csv,C,,,Fork-created provenance audit manifest; its sidecar records its license.,[],[]
docs/LICENSING-PROVENANCE.csv.license,C,,54ff12797dbe952cbee83913ccdaf60c295e8d0fe36dfc8c35833a54a2433a30,Introduced by fork Git history; inspect origin of copied or AI-assisted content as needed.,[],[]
docs/LICENSING.md,C,,88023915ba1fb8b75afc452f040cb9f21e33ca4663d13b2fe4e800efaee707f0,Introduced by fork Git history; inspect origin of copied or AI-assisted content as needed.,[],[]
docs/MAIN-FIRST-MIGRATION.md,C,,deb552b5c87ebf06418461686c0fcf60035428499aeba2cc2ea6f269f5c7cae4,Fork-created main-first migration runbook for issue #53; records verified archive references and owner-controlled cutover.,[],[]
docs/references/magic-patterns-mobile-ui/App.tsx,F,,a532948c9c34c033cb259e06bd29593ecc86e229d3983fa80cc4ee3ec81d93d9,Owner-supplied Magic Patterns prototype imported in 3835566 for visual reference; license/output rights unknown; human review required.,[],[]
docs/references/magic-patterns-mobile-ui/components/BottomSheet.tsx,F,,67e37693a208612b8facf14460692d8ab7c88d364a6994d2cbf64a24f7505f6a,Owner-supplied Magic Patterns prototype imported in 3835566 for visual reference; license/output rights unknown; human review required.,[],[]
docs/references/magic-patterns-mobile-ui/components/Chip.tsx,F,,4e943d5791d9f541ad31ed00d170409a8f8024a2be3d110390a587a051040f59,Owner-supplied Magic Patterns prototype imported in 3835566 for visual reference; license/output rights unknown; human review required.,[],[]
docs/references/magic-patterns-mobile-ui/components/EmailRow.tsx,F,,4dc27ab106648ed4ded0581f7bac18fe01882cf91ec050d5be6b624f773c8342,Owner-supplied Magic Patterns prototype imported in 3835566 for visual reference; license/output rights unknown; human review required.,[],[]
docs/references/magic-patterns-mobile-ui/components/OtpChip.tsx,F,,323b4747b4b616890e7ba692af0cff910d926ebc78d8c78b79407372cbcb67c6,Owner-supplied Magic Patterns prototype imported in 3835566 for visual reference; license/output rights unknown; human review required.,[],[]
docs/references/magic-patterns-mobile-ui/components/PhoneFrame.tsx,F,,18939bbfe956be352384e045c6705faccd9512e3e93dccebc30a27a5fcac91d0,Owner-supplied Magic Patterns prototype imported in 3835566 for visual reference; license/output rights unknown; human review required.,[],[]
docs/references/magic-patterns-mobile-ui/components/QuickActionsSheet.tsx,F,,41dca42dc39d5e7bd1f8d6438b4000d48579df3c8b3d2d0f0518d6443a6417fe,Owner-supplied Magic Patterns prototype imported in 3835566 for visual reference; license/output rights unknown; human review required.,[],[]
docs/references/magic-patterns-mobile-ui/components/TabBar.tsx,F,,577109d95b26db4ee6688cd7731cedd48672bfd784d4c3d217d55e0e37ce34ef,Owner-supplied Magic Patterns prototype imported in 3835566 for visual reference; license/output rights unknown; human review required.,[],[]
docs/references/magic-patterns-mobile-ui/components/TagSheet.tsx,F,,7e4335c21054e4dd30bcbb14e067f10b8c916fa81faf3283859d8854a464d98c,Owner-supplied Magic Patterns prototype imported in 3835566 for visual reference; license/output rights unknown; human review required.,[],[]
docs/references/magic-patterns-mobile-ui/components/Toast.tsx,F,,4fd823622a5b3dbf4385b4998fbd4b90947bdd5d8237a86cfb0fa240a56de6ea,Owner-supplied Magic Patterns prototype imported in 3835566 for visual reference; license/output rights unknown; human review required.,[],[]
docs/references/magic-patterns-mobile-ui/contexts/InboxContext.tsx,F,,4c2a33ecff215f727165f4b5ac7bd49d1cfa0ce2d13ab407e40df0266741269b,Owner-supplied Magic Patterns prototype imported in 3835566 for visual reference; license/output rights unknown; human review required.,[],[]
docs/references/magic-patterns-mobile-ui/data/classifications.ts,F,,aa06c199c2a1f7dc9da0e5a7d2cecb433b62e9735d12b037184291b4abcb13ba,Owner-supplied Magic Patterns prototype imported in 3835566 for visual reference; license/output rights unknown; human review required.,[],[]
docs/references/magic-patterns-mobile-ui/data/emails.ts,F,,04f1d1b839a9c39c75dfc1682a0f25f683c60ab43e7da76179f5fb6831a46a15,Owner-supplied Magic Patterns prototype imported in 3835566 for visual reference; license/output rights unknown; human review required.,[],[]
docs/references/magic-patterns-mobile-ui/index.css,F,,a39184f75512553c02fa2af184e8c605e9d58cbb125ea47a9474a7926774c845,Owner-supplied Magic Patterns prototype imported in 3835566 for visual reference; license/output rights unknown; human review required.,[],[]
docs/references/magic-patterns-mobile-ui/index.tsx,F,,bde4b714c8df2d08faeffb86795e97635cea399db282a3785a98795c5eda6e04,Owner-supplied Magic Patterns prototype imported in 3835566 for visual reference; license/output rights unknown; human review required.,[],[]
docs/references/magic-patterns-mobile-ui/package.json,F,,25382bc74837dad7b7f861642d794c27b53d6bc130a589a3b457e1289c321474,Owner-supplied Magic Patterns prototype imported in 3835566 for visual reference; license/output rights unknown; human review required.,[],[]
docs/references/magic-patterns-mobile-ui/pages/EmailDetail.tsx,F,,dcd386f31a9b2a7b6d2323a820f7c0c4d26ebcb8cc406c88031ad3c70d88b455,Owner-supplied Magic Patterns prototype imported in 3835566 for visual reference; license/output rights unknown; human review required.,[],[]
docs/references/magic-patterns-mobile-ui/pages/FolderView.tsx,F,,12d99bef935d46e0faefaa84e0e466e92373054ae86a8eb348fba032e8c31d53,Owner-supplied Magic Patterns prototype imported in 3835566 for visual reference; license/output rights unknown; human review required.,[],[]
docs/references/magic-patterns-mobile-ui/pages/Folders.tsx,F,,261492a68eb1a669986e5c27c55c7942cd87cde75a358322bdf7acf5f09e9189,Owner-supplied Magic Patterns prototype imported in 3835566 for visual reference; license/output rights unknown; human review required.,[],[]
docs/references/magic-patterns-mobile-ui/pages/Inbox.tsx,F,,89c54c1441a58c467d7a20979bd1a6ef3a01dec9090b91e27fb7f503cae98e0e,Owner-supplied Magic Patterns prototype imported in 3835566 for visual reference; license/output rights unknown; human review required.,[],[]
docs/references/magic-patterns-mobile-ui/pages/Search.tsx,F,,5398f895e96447939aaad85f02d38363a86074b676048d83cb8d3f9ce5d1550e,Owner-supplied Magic Patterns prototype imported in 3835566 for visual reference; license/output rights unknown; human review required.,[],[]
docs/references/magic-patterns-mobile-ui/pages/Settings.tsx,F,,ed41d71e634eed62c9eb7ddf8e1568d5e8adc67a5f8c7c2414ab08c168539941,Owner-supplied Magic Patterns prototype imported in 3835566 for visual reference; license/output rights unknown; human review required.,[],[]
docs/references/magic-patterns-mobile-ui/tailwind.config.js,F,,7c51617e1e535880e4826c7b7912f67c8bcd840108c76b48000489cd8d3f9e83,Owner-supplied Magic Patterns prototype imported in 3835566 for visual reference; license/output rights unknown; human review required.,[],[]
docs/references/magic-patterns-mobile-ui/types/email.ts,F,,6e1b5448908adff4040b38bc5f9946e724174d3d827cff31c4614164269ffef9,Owner-supplied Magic Patterns prototype imported in 3835566 for visual reference; license/output rights unknown; human review required.,[],[]
docs/references/magic-patterns-mobile-ui/utils/time.ts,F,,e90ebc42458b77608e38292f3846d639f7368f6dd9180eedc2d3c82ad920e12e,Owner-supplied Magic Patterns prototype imported in 3835566 for visual reference; license/output rights unknown; human review required.,[],[]
package-lock.json,E,,3683acf2d762f35db6bf9dde26dfbbbe05b6cd73038681a6a32c883a59e1df4e,Generated npm dependency lockfile; dependency licenses are reviewed separately; changed-file notice in package-lock.json.license.,[],[]
package-lock.json.license,C,,8beb4cebcb75cb8949ea4ed59b95ca8c888eea3b74896d15797cc29568a48e74,Introduced by fork Git history; inspect origin of copied or AI-assisted content as needed.,[],[]
package.json,B,5230100e4664d35ad06631898450e44c41b7313225c0f97da2aea23040fe5af1,c9bfd3d1435453ad2bdf60d21e022cd2f63a19d696e9f66ff04684ccf00dd1a2,Compared with audited upstream/main 48039bb; modified in fork history; fork change notice required.,[],[]
package.json.license,C,,e0568ad6f671c5dde6e05863f9499039ec045aba4e73fae9aa8d54488723e090,Introduced by fork Git history; inspect origin of copied or AI-assisted content as needed.,[],[]
public/favicon.ico,A,f4526d25946d758aacd582afb9b33b9023a604c8e4ec821d75fa9a0f0f83d41d,f4526d25946d758aacd582afb9b33b9023a604c8e4ec821d75fa9a0f0f83d41d,Compared with audited upstream/main 48039bb; identical.,[],[]
public/favicon.svg,A,fcc51b48e1c5b6aa749b6f85f6dd706f70976b432ba697eb5230e3c9d86b7dca,fcc51b48e1c5b6aa749b6f85f6dd706f70976b432ba697eb5230e3c9d86b7dca,Compared with audited upstream/main 48039bb; identical.,[],[]
public/icon-192.png,E,,05110f3d0534e4188b3d01ab596b351a8c1ca2e784daa6ce07dd4311f649e933,Generated/derived PWA icon; asset source and generation process are not recorded; human asset-source review required.,[],[]
public/icon-512.png,E,,12d43118e666b47ef7c7ea37d4e79d600dd233466466e2ace2f81528be7dd657,Generated/derived PWA icon; asset source and generation process are not recorded; human asset-source review required.,[],[]
public/icon-maskable-512.png,E,,ecebedce13f4659329619053aa8893b5d9ac46c38da2a327d949f9909195cb91,Generated/derived PWA icon; asset source and generation process are not recorded; human asset-source review required.,[],[]
public/manifest.webmanifest,C,,b3d56825e6774205f53117a1f7479d04d08aaad0d2e9e45cb10ddf640bf9c19c,Introduced by fork Git history; inspect origin of copied or AI-assisted content as needed.,[],[]
public/manifest.webmanifest.license,C,,af9aa01fd0ce8d7cbf3ca5c3df2cfae17a69cc9039d22f89a41576190e5837d3,Introduced by fork Git history; inspect origin of copied or AI-assisted content as needed.,[],[]
react-router.config.ts,A,40853c231d87e3be33f69a571558b5e8b77c828d40413b40914a2025fd855725,40853c231d87e3be33f69a571558b5e8b77c828d40413b40914a2025fd855725,Compared with audited upstream/main 48039bb; identical.,"[""// Copyright (c) 2026 Cloudflare, Inc."",""// Licensed under the Apache 2.0 license found in the LICENSE file or at:"",""//     https://opensource.org/licenses/Apache-2.0""]",[]
scripts/license-check.mjs,C,,ddf8b191a9f8e4d0b52301f3b1b12a39dae7ceb0c719fbd1806789f9a0dee6fa,Introduced by fork Git history; inspect origin of copied or AI-assisted content as needed.,[],[]
shared/dates.ts,A,007c05f61a737f8f878d510d1e53db57b879b60c6ea47967378170ade3225a02,007c05f61a737f8f878d510d1e53db57b879b60c6ea47967378170ade3225a02,Compared with audited upstream/main 48039bb; identical.,"[""// Copyright (c) 2026 Cloudflare, Inc."",""// Licensed under the Apache 2.0 license found in the LICENSE file or at:"",""//     https://opensource.org/licenses/Apache-2.0""]",[]
shared/folders.ts,A,79350f380497e7397210e36aed1265aeea416150a638251a6dde7d492ec262b5,79350f380497e7397210e36aed1265aeea416150a638251a6dde7d492ec262b5,Compared with audited upstream/main 48039bb; identical.,"[""// Copyright (c) 2026 Cloudflare, Inc."",""// Licensed under the Apache 2.0 license found in the LICENSE file or at:"",""//     https://opensource.org/licenses/Apache-2.0""]",[]
shared/verification-code.ts,C,,,Authored for Issue #58 with AI assistance using repository-local requirements and existing email parsing behavior; no external implementation source used.,[],[]
tests/auto-archive.test.ts,C,,233be390852b7048c214ac6bfd93d6c76084bd6ee701fcc67ffbd2e0783d6b37,Introduced by fork Git history; inspect origin of copied or AI-assisted content as needed.,[],[]
tests/email-body.test.ts,C,,abd11488e5e773703aa6cfdd95f7b8327ebfbfde0367f80b032968599e05d7da,Introduced by fork Git history; inspect origin of copied or AI-assisted content as needed.,[],[]
tests/email-content.test.ts,C,,03c472b3e628b452d4ca82a636bc005cedc8c5cd99b94b89cbe5ee2af2894687,Introduced by fork Git history; inspect origin of copied or AI-assisted content as needed.,[],[]
tests/email-panel-navigation.test.ts,C,,6e24bcc24c22889266b6a03239cda2765aee3af9c63704419dd645ef0c6cbac4,Introduced by fork Git history; inspect origin of copied or AI-assisted content as needed.,[],[]
tests/email-snippet.test.ts,C,,440f14b5e3cb1fed16b38dabd825469ef888af9c383a87ecdadca053c8c827e4,Introduced by fork Git history; inspect origin of copied or AI-assisted content as needed.,[],[]
tests/email-tag-filter-ui.test.ts,C,,9a5c1686b4ba7b6a551d9e947747daad261cb5ea11d416dc107f0eebc725dd14,Introduced by fork Git history; inspect origin of copied or AI-assisted content as needed.,[],[]
tests/email-tag-filter.test.ts,C,,c24ceb4384c6ea727042ce751e9a7fc8fce9ae072b6f004d586f5487a5d6a6bb,Introduced by fork Git history; inspect origin of copied or AI-assisted content as needed.,[],[]
tests/email-tags.test.ts,C,,c8a0d6549627729349cfc0fc796cae9be97a28483c27790f41df74aa724e845d,Introduced by fork Git history; inspect origin of copied or AI-assisted content as needed.,[],[]
tests/email-triage-api.test.ts,C,,8c0ed7b21dd135a7a760b3dd681af2e4e15edd1a5a8bcad8e5bbf1fc5785a2a6,Introduced by fork Git history; inspect origin of copied or AI-assisted content as needed.,[],[]
tests/email-triage-feedback.test.ts,C,,7f58b578f4e5577e9cad67c45d149f09594d17b72b62ad3663a74ebd45f3d924,Introduced by fork Git history; inspect origin of copied or AI-assisted content as needed.,[],[]
tests/email-triage.test.ts,C,,72d2a368fd3a5ae14a6d7e48d954f96b066d38cc2a74dbe43d40bcc237e3c0cf,Introduced by fork Git history; inspect origin of copied or AI-assisted content as needed.,[],[]
tests/license-check.test.ts,C,,1035ab326c4a8c0773806c721f23d88de59a40433aa025e568853965b637851a,Introduced by fork Git history; inspect origin of copied or AI-assisted content as needed.,[],[]
tests/mailbox-routing.test.ts,C,,cd1fa23b62346f8eb12d632416675ddc822f544d3eede30ee09b95a32519e834,Introduced by fork Git history; inspect origin of copied or AI-assisted content as needed.,[],[]
tests/mcp-email.test.ts,C,,ee67f87a17ecf0f11329400ac2719535ce2b918b0214e8263468b48f0f71d0b5,Introduced by fork Git history; inspect origin of copied or AI-assisted content as needed.,[],[]
tests/mobile-email-navigation.test.ts,C,,526b0cb14bfa23501fe8b8e4744e7ee1e23485477201b7f22d2218aaed6da27a,Introduced by fork Git history; inspect origin of copied or AI-assisted content as needed.,[],[]
tests/mobile-email-tags.test.ts,C,,3922a9ec67ff4b143ce49e3c83a15a83bab58d5e77ad9303de171e98d9ee631c,Introduced by fork Git history; inspect origin of copied or AI-assisted content as needed.,[],[]
tests/mobile-gestures.test.ts,C,,af23cf8b5dbed2af7ab48603f0cd554f564da4975eee6225a2b5aba0c179c6c8,Introduced by fork Git history; inspect origin of copied or AI-assisted content as needed.,[],[]
tests/pwa-installability.test.ts,C,,c407f87020b0b00de3885ffcbea04fa73db24e8ae514faab62b28bddf77e3b6b,Introduced by fork Git history; inspect origin of copied or AI-assisted content as needed.,[],[]
tests/search-parser.test.ts,C,,fa203d579d00ec24a4388e25bbbb178e505ae122fb9a33b1ce07bf7dab635c55,Introduced by fork Git history; inspect origin of copied or AI-assisted content as needed.,[],[]
tests/thread-triage-state.test.ts,C,,a16a99a074fb227c222784f9cf2f42a593cf8f8cb8ba0d69c2add43b3fb676b0,Introduced by fork Git history; inspect origin of copied or AI-assisted content as needed.,[],[]
tests/trash-retention.test.ts,C,,0dd6aeff8017b1219e85b119086ded1e9b975b405d1d58b1472111c32529336b,Introduced by fork Git history; inspect origin of copied or AI-assisted content as needed.,[],[]
tests/trash-undo.test.ts,C,,7684f57859b94d35289d6053988042151d0538b1fe2217eacb0e36d51f70f570,Introduced by fork Git history; inspect origin of copied or AI-assisted content as needed.,[],[]
tests/triage-policy.test.ts,C,,f23210d82376abf858aa729a340bfe6e80e75d6270b5454e7aa4f1333bc1c3f0,Introduced by fork Git history; inspect origin of copied or AI-assisted content as needed.,[],[]
tests/triage-presentation.test.ts,C,,e5b81a141dcee47730890b34691beed3a3321de1bbe8235de951953ffaab4d81,Introduced by fork Git history; inspect origin of copied or AI-assisted content as needed.,[],[]
tests/triage-refresh.test.ts,C,,30fcd17acd35c0b468d140b5df0665f1c54df878e0c87be2648bfabe6d9d7252,Introduced by fork Git history; inspect origin of copied or AI-assisted content as needed.,[],[]
tests/verification-code.test.ts,C,,2a52f70bac4c95f2960c10f4b86534c8cc3932abf18d1e8ce6b503561287a8f8,Introduced by fork Git history; inspect origin of copied or AI-assisted content as needed.,[],[]
tsconfig.cloudflare.json,A,73c9777f866f1b72f77a794db4583d0ae9b647694b88d74e3292f3742d4ad06b,73c9777f866f1b72f77a794db4583d0ae9b647694b88d74e3292f3742d4ad06b,Compared with audited upstream/main 48039bb; identical.,[],[]
tsconfig.json,B,a31679505c770b8e9fcf88bc3cfff0df4f0bf0c7c3ce1e3f9f218df2cc00e9f8,aa6b162d58dcea55c85e912948cd7dda67a060a3a6edae5266854ac52bb0f82c,Compared with audited upstream/main 48039bb; modified in fork history; fork change notice required.,[],[]
tsconfig.json.license,C,,6c4eb9f8e737082087f1cab16377449f03e9763f04632b66fcc66ffcddd49d55,Introduced by fork Git history; inspect origin of copied or AI-assisted content as needed.,[],[]
tsconfig.node.json,A,70baaaa4fa06859e85c925dae9148e988d4911fdb37f7457ad9d53cd975fbcde,70baaaa4fa06859e85c925dae9148e988d4911fdb37f7457ad9d53cd975fbcde,Compared with audited upstream/main 48039bb; identical.,[],[]
vite.config.ts,B,94a14b9ba88debaed5c62ceb236cc507a856ef593af618f52d984ad1ce002872,79a98589670cff3f327c69b87297a991e312916f7ea6733dde6faa7eddef3ba7,Compared with audited upstream/main 48039bb; modified in fork history; fork change notice required.,"[""// Copyright (c) 2026 Cloudflare, Inc."",""// Licensed under the Apache 2.0 license found in the LICENSE file or at:"",""//     https://opensource.org/licenses/Apache-2.0""]","[""// Copyright (c) 2026 Cloudflare, Inc."",""// Licensed under the Apache 2.0 license found in the LICENSE file or at:"",""//     https://opensource.org/licenses/Apache-2.0""]"
workers/agent/auto-archive.ts,C,,bd1a01d5cfa18b8b1abd7565a37fffae7a14ca21f5f58d80be9a6dd5b3fbfd61,Introduced by fork Git history; inspect origin of copied or AI-assisted content as needed.,[],"[""// Copyright (c) 2026 Cloudflare, Inc."",""// Licensed under the Apache 2.0 license found in the LICENSE file or at:"",""//     https://opensource.org/licenses/Apache-2.0""]"
workers/agent/index.ts,B,7313df81a0fc6aa2a4cce6be35b49d0e6e31b0f084a7813b6feedd564abe9fa6,3e786abb1b3ba0b4ed99a874c640b23e02c9bb171daa9ff0b4c8899f632ec648,Compared with audited upstream/main 48039bb; modified in fork history; fork change notice required.,"[""// Copyright (c) 2026 Cloudflare, Inc."",""// Licensed under the Apache 2.0 license found in the LICENSE file or at:"",""//     https://opensource.org/licenses/Apache-2.0""]","[""// Copyright (c) 2026 Cloudflare, Inc."",""// Licensed under the Apache 2.0 license found in the LICENSE file or at:"",""//     https://opensource.org/licenses/Apache-2.0""]"
workers/agent/triage-failure.ts,C,,afb3ed8a0642cfb95c8c21c38105324ef4599138b046dcb0bca8c4b130daacff,Introduced by fork Git history; inspect origin of copied or AI-assisted content as needed.,[],[]
workers/app.ts,B,a8b274b1f1309b6c9f32244a18f2f9a54cc64aac76e8a83a6036a0c365a848dd,1cecb7c90579af631104586f775b96602cd04dd1c1a10b0420514e83618f4714,Compared with audited upstream/main 48039bb; modified in fork history; fork change notice required.,"[""// Copyright (c) 2026 Cloudflare, Inc."",""// Licensed under the Apache 2.0 license found in the LICENSE file or at:"",""//     https://opensource.org/licenses/Apache-2.0""]","[""// Copyright (c) 2026 Cloudflare, Inc."",""// Licensed under the Apache 2.0 license found in the LICENSE file or at:"",""//     https://opensource.org/licenses/Apache-2.0""]"
workers/db/schema.ts,B,e57b5010820599ba2d707d6d725c84e77e572c56e5ba8c645b67cc688d255a5a,4f46e5728c13dd4741e01176cbc0ca9f6ac594c8d846df7aa73d8abe9eef27d3,Compared with audited upstream/main 48039bb; modified in fork history; fork change notice required.,"[""// Copyright (c) 2026 Cloudflare, Inc."",""// Licensed under the Apache 2.0 license found in the LICENSE file or at:"",""//     https://opensource.org/licenses/Apache-2.0""]","[""// Copyright (c) 2026 Cloudflare, Inc."",""// Licensed under the Apache 2.0 license found in the LICENSE file or at:"",""//     https://opensource.org/licenses/Apache-2.0""]"
workers/durableObject/index.ts,B,4034caddd5de72f0baa9a026406308f57effd685122ca3a4237a215b2951b26c,be5a2ac7a0822cb64967d60f4bdc7f8d728d0ded7dbc10b63484fceff3dab722,Compared with audited upstream/main 48039bb; modified in fork history; fork change notice required.,"[""// Copyright (c) 2026 Cloudflare, Inc."",""// Licensed under the Apache 2.0 license found in the LICENSE file or at:"",""//     https://opensource.org/licenses/Apache-2.0""]","[""// Copyright (c) 2026 Cloudflare, Inc."",""// Licensed under the Apache 2.0 license found in the LICENSE file or at:"",""//     https://opensource.org/licenses/Apache-2.0""]"
workers/durableObject/migrations.ts,B,721f51bcbe91d167b2291dfde42462f942ac49b4195eda59531a569848e65690,52cedaa7c8d87fb9c63baeb4b2cc3f24e6ba4554710220732c1879e1de9acb94,Compared with audited upstream/main 48039bb; modified in fork history; fork change notice required.,"[""// Copyright (c) 2026 Cloudflare, Inc."",""// Licensed under the Apache 2.0 license found in the LICENSE file or at:"",""//     https://opensource.org/licenses/Apache-2.0""]","[""// Copyright (c) 2026 Cloudflare, Inc."",""// Licensed under the Apache 2.0 license found in the LICENSE file or at:"",""//     https://opensource.org/licenses/Apache-2.0""]"
workers/durableObject/thread-triage.ts,C,,dae9a5912dc54f62cfe88c382d07b6cae01b74d177db2d16be9d75262da313c4,Introduced by fork Git history; inspect origin of copied or AI-assisted content as needed.,[],[]
workers/durableObject/triage-policy.ts,C,,43764dfe082fe5ca7f689c9b0fdf98ec9e0328b2db3d20f8f10c2889c82bce46,Introduced by fork Git history; inspect origin of copied or AI-assisted content as needed.,[],[]
workers/durableObject/triage.ts,C,,99c04ade77359bafb2edaf71fc5ecd391cc999f33895b04dc86976126bf9df8a,Introduced by fork Git history; inspect origin of copied or AI-assisted content as needed.,[],"[""// Copyright (c) 2026 Cloudflare, Inc."",""// Licensed under the Apache 2.0 license found in the LICENSE file or at:"",""//     https://opensource.org/licenses/Apache-2.0""]"
workers/email-sender.ts,A,24b9e465712fc417091941a70e8f2bd1c4040492def74e55930984f20a5c39f9,24b9e465712fc417091941a70e8f2bd1c4040492def74e55930984f20a5c39f9,Compared with audited upstream/main 48039bb; identical.,"[""// Copyright (c) 2026 Cloudflare, Inc."",""// Licensed under the Apache 2.0 license found in the LICENSE file or at:"",""//     https://opensource.org/licenses/Apache-2.0""]",[]
workers/index.ts,B,649995afec4809a682c3b10e0e9ea56df144e7a0811375f4352237cb2da2943a,f571de377cc83a29be27fb2920cfacd813c3a22d069f7b2139a751a3627613f5,Compared with audited upstream/main 48039bb; modified in fork history; fork change notice required.,"[""// Copyright (c) 2026 Cloudflare, Inc."",""// Licensed under the Apache 2.0 license found in the LICENSE file or at:"",""//     https://opensource.org/licenses/Apache-2.0""]","[""// Copyright (c) 2026 Cloudflare, Inc."",""// Licensed under the Apache 2.0 license found in the LICENSE file or at:"",""//     https://opensource.org/licenses/Apache-2.0""]"
workers/lib/ai.ts,B,c475290bd5d8c1b7bf1cf9678b19e50e60825257e9a5cc93d80099968da91e5f,ee97f2ac00bc71c8098b9f7df3842a902d15a16ba07da63688befd2cb49ddea3,Compared with audited upstream/main 48039bb; modified in fork history; fork change notice required.,"[""// Copyright (c) 2026 Cloudflare, Inc."",""// Licensed under the Apache 2.0 license found in the LICENSE file or at:"",""//     https://opensource.org/licenses/Apache-2.0""]","[""// Copyright (c) 2026 Cloudflare, Inc."",""// Licensed under the Apache 2.0 license found in the LICENSE file or at:"",""//     https://opensource.org/licenses/Apache-2.0""]"
workers/lib/attachments.ts,B,7d08b42135f154b84bdade4dabc7434310ff4a27c7e926cafae17ce49148a281,ef6f28f17735f76b18bd0fd232530b13a7000bc7e648617892c3832c6fa8e84b,Compared with audited upstream/main 48039bb; modified in fork history; fork change notice required.,"[""// Copyright (c) 2026 Cloudflare, Inc."",""// Licensed under the Apache 2.0 license found in the LICENSE file or at:"",""//     https://opensource.org/licenses/Apache-2.0""]","[""// Copyright (c) 2026 Cloudflare, Inc."",""// Licensed under the Apache 2.0 license found in the LICENSE file or at:"",""//     https://opensource.org/licenses/Apache-2.0""]"
workers/lib/email-content.ts,C,,6f99094fe704dadd5fb8fd188ee1cc7870df2f9359b3056e9cf8c0b75a626748,Introduced by fork Git history; inspect origin of copied or AI-assisted content as needed.,[],"[""// Copyright (c) 2026 Cloudflare, Inc."",""// Licensed under the Apache 2.0 license found in the LICENSE file or at:"",""//     https://opensource.org/licenses/Apache-2.0""]"
workers/lib/email-helpers.ts,B,9e0503c0707709b3938be06ecdb98291251060a4de145f0e1dd3561ebd4bd1cd,e57b3799522a8681e9e9ffc690abb30f8d5d0e29b3db89e716ced43e31e0b3e6,Compared with audited upstream/main 48039bb; modified in fork history; fork change notice required.,"[""// Copyright (c) 2026 Cloudflare, Inc."",""// Licensed under the Apache 2.0 license found in the LICENSE file or at:"",""//     https://opensource.org/licenses/Apache-2.0""]","[""// Copyright (c) 2026 Cloudflare, Inc."",""// Licensed under the Apache 2.0 license found in the LICENSE file or at:"",""//     https://opensource.org/licenses/Apache-2.0""]"
workers/lib/email-tag-filter.ts,C,,1bb4be3b55cf9d62507c57c722f566ae95b4c503c5060a48379b22431e3a50ee,Introduced by fork Git history; inspect origin of copied or AI-assisted content as needed.,[],[]
workers/lib/email-tags-api.ts,C,,84363f2dfff2eea6cca4fd584e63e206b1713d4c5ff29f8bfcab077ebad8b2ed,Introduced by fork Git history; inspect origin of copied or AI-assisted content as needed.,[],"[""// Copyright (c) 2026 Cloudflare, Inc."",""// Licensed under the Apache 2.0 license found in the LICENSE file or at:"",""//     https://opensource.org/licenses/Apache-2.0""]"
workers/lib/email-tags.ts,C,,6c0fa408c1cc0efc0f34f36f379dab20eb3708ffd2f697e84960f0b143355c8b,Introduced by fork Git history; inspect origin of copied or AI-assisted content as needed.,[],"[""// Copyright (c) 2026 Cloudflare, Inc."",""// Licensed under the Apache 2.0 license found in the LICENSE file or at:"",""//     https://opensource.org/licenses/Apache-2.0""]"
workers/lib/email-triage-api.ts,C,,70ccf12b61764f7ad1744cfb4c87fc9606f46b407d4a231531bfa51174d38edb,Introduced by fork Git history; inspect origin of copied or AI-assisted content as needed.,[],"[""// Copyright (c) 2026 Cloudflare, Inc."",""// Licensed under the Apache 2.0 license found in the LICENSE file or at:"",""//     https://opensource.org/licenses/Apache-2.0""]"
workers/lib/email-triage.ts,C,,be65e38df47f55bd2e3a4731c76ae3a3d1f20ab4024476f37379e0631b743a26,Introduced by fork Git history; inspect origin of copied or AI-assisted content as needed.,[],"[""// Copyright (c) 2026 Cloudflare, Inc."",""// Licensed under the Apache 2.0 license found in the LICENSE file or at:"",""//     https://opensource.org/licenses/Apache-2.0""]"
workers/lib/jev-provider.ts,C,,66c550ec10789494eb838f94539587853a9700aa159f333271151d1ec1d4a595,Introduced by fork Git history; inspect origin of copied or AI-assisted content as needed.,[],"[""// Copyright (c) 2026 Cloudflare, Inc."",""// Licensed under the Apache 2.0 license found in the LICENSE file or at:"",""//     https://opensource.org/licenses/Apache-2.0""]"
workers/lib/mailbox-routing.ts,C,,aafb4a8baa44a52bd17a01beed7428f242ea22d2e2ade02990c65cb27143b304,Introduced by fork Git history; inspect origin of copied or AI-assisted content as needed.,[],"[""// Copyright (c) 2026 Cloudflare, Inc."",""// Licensed under the Apache 2.0 license found in the LICENSE file or at:"",""//     https://opensource.org/licenses/Apache-2.0""]"
workers/lib/mailbox.ts,A,53c5c130ad782630fe2e95031c9017006dbf102a068fb3a0845ddff867c0688d,53c5c130ad782630fe2e95031c9017006dbf102a068fb3a0845ddff867c0688d,Compared with audited upstream/main 48039bb; identical.,"[""// Copyright (c) 2026 Cloudflare, Inc."",""// Licensed under the Apache 2.0 license found in the LICENSE file or at:"",""//     https://opensource.org/licenses/Apache-2.0""]",[]
workers/lib/mcp-email.ts,C,,a93d269fce866b4b26c90aa803315c549aef326117ff1acda2e4dfbf0c436b1a,Introduced by fork Git history; inspect origin of copied or AI-assisted content as needed.,[],"[""// Copyright (c) 2026 Cloudflare, Inc."",""// Licensed under the Apache 2.0 license found in the LICENSE file or at:"",""//     https://opensource.org/licenses/Apache-2.0""]"
workers/lib/schemas.ts,B,9c725f0b08278e83eff1fbaed6183bbe623e1d4fe1ae3512c1ea13b623d81d22,fa8077d194dad5517848089965b3d511dbd4a7c14068bb660f90fa2f9f58eff2,Compared with audited upstream/main 48039bb; modified in fork history; fork change notice required.,"[""// Copyright (c) 2026 Cloudflare, Inc."",""// Licensed under the Apache 2.0 license found in the LICENSE file or at:"",""//     https://opensource.org/licenses/Apache-2.0""]","[""// Copyright (c) 2026 Cloudflare, Inc."",""// Licensed under the Apache 2.0 license found in the LICENSE file or at:"",""//     https://opensource.org/licenses/Apache-2.0""]"
workers/lib/tools.ts,B,8bb828d46cf1a5ae2f1d2b9d4204ce13a562aeabcc9d590147cc457c6e35d8a5,a59829eef81e3ece84bd0af4ddb51306f0038f55303df5e36e62be062b457ccd,Compared with audited upstream/main 48039bb; modified in fork history; fork change notice required.,"[""// Copyright (c) 2026 Cloudflare, Inc."",""// Licensed under the Apache 2.0 license found in the LICENSE file or at:"",""//     https://opensource.org/licenses/Apache-2.0""]","[""// Copyright (c) 2026 Cloudflare, Inc."",""// Licensed under the Apache 2.0 license found in the LICENSE file or at:"",""//     https://opensource.org/licenses/Apache-2.0""]"
workers/lib/trash.ts,C,,aa7996b9b56e82a8ee9ab5bc9b195b75f769e493e069ab6ea84968117a0286c3,Introduced by fork Git history; inspect origin of copied or AI-assisted content as needed.,[],[]
workers/mcp/index.ts,B,9b469564c87346ec2b4927fd4bb40cc61eb14bd1ca973f953d554733b28cdc0d,c571c1eb3c84208c61ff16a670994e100a4bc4344bf0c5193bd5f68256d4ad6b,Compared with audited upstream/main 48039bb; modified in fork history; fork change notice required.,"[""// Copyright (c) 2026 Cloudflare, Inc."",""// Licensed under the Apache 2.0 license found in the LICENSE file or at:"",""//     https://opensource.org/licenses/Apache-2.0""]","[""// Copyright (c) 2026 Cloudflare, Inc."",""// Licensed under the Apache 2.0 license found in the LICENSE file or at:"",""//     https://opensource.org/licenses/Apache-2.0""]"
workers/routes/reply-forward.ts,A,764bcde64147d02824b2e47a49e213c1193663428842b35563ae4ca057695ef3,764bcde64147d02824b2e47a49e213c1193663428842b35563ae4ca057695ef3,Compared with audited upstream/main 48039bb; identical.,"[""// Copyright (c) 2026 Cloudflare, Inc."",""// Licensed under the Apache 2.0 license found in the LICENSE file or at:"",""//     https://opensource.org/licenses/Apache-2.0""]",[]
workers/types.ts,B,a64c565827d42f19c0a18d5225c010667ccde22d918dda882e456c2eaafc9bbc,7db3fdb9c7fcc995481a823facaca593238faf8089c336aa8e319ac853e64f2b,Compared with audited upstream/main 48039bb; modified in fork history; fork change notice required.,"[""// Copyright (c) 2026 Cloudflare, Inc."",""// Licensed under the Apache 2.0 license found in the LICENSE file or at:"",""//     https://opensource.org/licenses/Apache-2.0""]","[""// Copyright (c) 2026 Cloudflare, Inc."",""// Licensed under the Apache 2.0 license found in the LICENSE file or at:"",""//     https://opensource.org/licenses/Apache-2.0""]"
wrangler.jsonc,B,bcca0e70f8aea3e3df96af098ca278f4fa73b6536187a0721a798fed6fe191a4,5e6b7f6bdf38588a331cbce853b1bebba5698d2a9772178934d2ab439f474c0f,Compared with audited upstream/main 48039bb; modified in fork history; fork change notice required.,[],[]
.github/workflows/pr-branch-policy.yml,C,,d40e95f6ccf2b11bdf3298e417cccf5164cb0f695750627c8a7c9afac63614e0,Fork-created PR target guard; no external implementation source.,[],[]
